id,trial,avg_dis,width,difficulty_idx,avg_time
22,1,584.23,185,2.06,761.82
22,2,538.7,277,1.56,494.6
22,3,897.6,185,2.55,770.5
22,4,313,185,1.43,475.8
22,5,766.8,277,1.91,552.9
22,6,320.9,277,1.11,534.2
22,7,998.4,92,3.57,840.8
22,8,637.4,92,2.99,702.2
22,9,637.4,92,2.07,527.3
23,1,637.4,92,3.57,872
23,2,637.4,92,2.99,604.8
23,3,637.4,185,2.58,531.3
23,4,637.4,277,1.9,616.1
23,5,601.5,185,2.09,514.6
23,6,310.1,185,1.42,397.5
23,7,262.6,92,1.95,489.7
23,8,344.2,277,1.17,393.2
23,9,550.9,277,1.58,553.1
niklas,1,549.41,277,1.58,599.64
niklas,2,326.5,185,1.47,691.2
niklas,3,272.8,92,1.99,673.2
niklas,4,612.1,185,2.11,606.4
niklas,5,819.4,277,1.98,608
niklas,6,639.4,92,2.99,705
niklas,7,922.8,185,2.58,663.1
niklas,8,1007.6,92,3.58,701.3
niklas,9,393.4,277,1.28,549.9
24,1,810.14,277,1.97,527.27
24,2,1026.5,92,3.6,842.7
24,3,276.9,92,2,580.6
24,4,644.7,92,3,780.4
24,5,894,185,2.54,868.8
24,6,615.7,185,2.11,839
24,7,562,277,1.6,611.9
24,8,313.9,185,1.43,490.7
24,9,338.7,277,1.15,460.4
25,1,573.14,185,2.03,566.27
25,2,308.9,277,1.08,419.9
25,3,632.1,92,2.98,718.2
25,4,266.1,92,1.96,539.7
25,5,788.8,277,1.94,559.7
25,6,1007.8,92,3.58,909.8
25,7,327.3,185,1.47,411.4
25,8,578.1,277,1.63,472.9
25,9,901.8,185,2.55,530
50,1,545.5,277,1.57,625.09
50,2,278,185,1.32,531
50,3,250.7,92,1.9,644.7
50,4,650.3,92,3.01,713
50,5,593,185,2.07,649.8
50,6,340.1,277,1.16,436.3
50,7,776.9,277,1.93,518.1
50,8,1015.2,92,3.59,684.7
50,9,904.5,185,2.56,641.4
thecreature,1,611.5,185,2.11,769
thecreature,2,271.7,92,1.98,834.2
thecreature,3,325.8,185,1.47,641.5
thecreature,4,359.8,277,1.2,632.9
thecreature,5,553.5,277,1.58,696
thecreature,6,884.9,185,2.53,812.8
thecreature,7,998,92,3.57,971.2
thecreature,8,833.8,277,2,614.5
thecreature,9,644.3,92,3,799.8
bonjour,1,735.95,277,1.87,614.64
bonjour,2,312.8,185,1.43,508.1
bonjour,3,300.4,92,2.09,649.8
bonjour,4,1009.6,92,3.58,789.7
bonjour,5,601.1,185,2.09,608
bonjour,6,632.1,92,2.98,701.7
bonjour,7,914.5,185,2.57,651.5
bonjour,8,556.8,277,1.59,496.2
bonjour,9,329.2,277,1.13,428.3
2222,1,546.23,277,1.57,429.82
2222,2,875.1,185,2.52,601.4
2222,3,268.7,92,1.97,719.5
2222,4,301.1,185,1.39,417.8
2222,5,804.7,277,1.97,559.5
2222,6,1015.1,92,3.59,779.6
2222,7,618.4,185,2.12,513
2222,8,326.3,277,1.12,358.1
2222,9,648.8,92,3.01,656.2
Anonymous Giraffe,1,569.23,185,2.03,622.45
Anonymous Giraffe,2,630,92,2.97,671.6
Anonymous Giraffe,3,576.5,277,1.62,454.9
Anonymous Giraffe,4,271.9,92,1.98,672
Anonymous Giraffe,5,291.9,185,1.37,454.4
 Anonymous Giraffe,6,1018.7,92,3.59,706.6
Anonymous Giraffe,7,912.2,185,2.57,664.4
Anonymous Giraffe,8,327.5,277,1.13,449.9
Anonymous Giraffe,9,796.1,277,1.95,555.3
id1,1,583.95,185,2.06,604
id1,2,1005.9,92,3.58,767.9
id1,3,800.1,277,1.96,560.4
id1,4,262.2,92,1.94,604.8
id1,5,630,92,2.97,634.9
id1,6,901.8,185,2.55,723.3
id1,7,303.1,185,1.4,488.4
id1,8,373.5,277,1.23,438.1
id1,9,570.2,277,1.61,581.5
isa-bits,1,897.23,185,2.55,667.91
isa-bits,2,329.2,185,1.47,526.5
isa-bits,3,281.2,92,2.02,670.2
isa-bits,4,577.9,277,1.63,504.8
isa-bits,5,645.6,92,3,683.1
isa-bits,6,615.2,185,2.11,519.6
isa-bits,7,1009.1,92,3.58,773.2
isa-bits,8,340.3,277,1.16,473.6
isa-bits,9,814.1,277,1.98,523.2
heyjessie,1,633.95,185,2.15,530.73
heyjessie,2,357.8,277,1.2,424.8
heyjessie,3,599.6,277,1.66,498.3
heyjessie,4,266.4,92,1.96,506.8
heyjessie,5,646.9,92,3.01,633.6
heyjessie,6,858.5,277,2.04,469.8
heyjessie,7,1009.5,92,3.58,736.5
heyjessie,8,345.2,185,1.52,409.5
heyjessie,9,922,185,2.58,587.2
id2,1,253,92,1.91,637.45
id2,2,566.8,277,1.61,525.8
id2,3,636.2,92,2.98,708.2
id2,4,325.3,277,1.12,607.1
id2,5,629.7,185,2.14,701
id2,6,307.9,185,1.41,410.8
id2,7,884.4,185,2.53,770.7
id2,8,800.5,277,1.96,687.4
id2,9,1026.5,92,3.6,930.2
Participant25,1,539.23,277,1.56,582.36
Participant25,2,298,185,1.38,553.1
Participant25,3,600.1,185,2.09,652.3
Participant25,4,804.5,277,1.97,644.4
Participant25,5,276.4,92,2,603.3
Participant25,6,912.4,185,2.57,698
Participant25,7,639.4,92,2.99,708.5
Participant25,8,316.6,277,1.1,519
Participant25,9,1006.3,92,3.58,740.7
LDC,1,338.5,277,1.15,496.27
LDC,2,613.8,185,2.11,558.1
LDC,3,652.1,92,3.02,606.3
LDC,4,785.1,277,1.94,544.7
LDC,5,343.8,185,1.52,736.4
LDC,6,902.5,185,2.56,838
LDC,7,273.5,92,1.99,548.1
LDC,8,1008.9,92,3.58,958.2
LDC,9,579.2,277,1.63,481.5
merged person,1,563.68,277,1.6,598.91
merged person,2,605.5,185,2.1,653.2
merged person,3,809,277,1.97,806.1
merged person,4,304.7,185,1.4,486.1
merged person,5,349.9,277,1.18,612.3
merged person,6,893.7,185,2.54,894.7
merged person,7,271,92,1.98,572.3
merged person,8,1018.3,92,3.59,886.5
merged person,9,640.7,92,2.99,806.1
BTJht,1,572.05,277,1.62,525.09
BTJht,2,1020.1,92,3.6,741.5
BTJht,3,335.7,185,1.49,484.9
BTJht,4,772.4,277,1.92,614.9
BTJht,5,613.3,185,2.11,579.7
BTJht,6,391.7,277,1.27,504.8
BTJht,7,284,92,2.03,650
BTJht,8,649.3,92,3.01,876.5
BTJht,9,899.5,185,2.55,948.2
phhhhh,1,634.64,92,2.98,757.64
phhhhh,2,899.1,185,2.55,806.8
phhhhh,3,618.6,185,2.12,601.7
phhhhh,4,608.8,277,1.68,548.6
phhhhh,5,285.8,92,2.04,618
phhhhh,6,327.2,277,1.13,447.2
phhhhh,7,1012.8,92,3.59,863.2
phhhhh,8,312.1,185,1.43,460.8
phhhhh,9,790.3,277,1.95,517.2
SacrificialLamb,1,984.82,92,3.55,1176.45
SacrificialLamb,2,888.8,185,2.54,1366.8
SacrificialLamb,3,279.3,92,2.01,972.9
SacrificialLamb,4,364.9,277,1.21,814.7
SacrificialLamb,5,297.8,185,1.38,814.7
SacrificialLamb,6,630.6,92,2.97,1146.7
SacrificialLamb,7,823.4,277,1.99,941
SacrificialLamb,8,641.5,185,2.16,907
SacrificialLamb,9,563.5,277,1.6,824.7
444,1,346.95,277,1.17,493.91
444,2,323.3,185,1.46,574.8
444,3,908.1,185,2.56,726.5
444,4,264.5,92,1.95,794.8
444,5,833,277,2,986.3
444,6,645.9,92,3,934.8
444,7,597.2,277,1.66,798.4
444,8,1016.3,92,3.59,973.1
444,9,640.3,185,2.16,636
id,1,564.95,185,02.02,967.09
id,2,394.3,277,1.28,680.5
id,3,779.5,277,1.93,724
id,4,410.2,185,1.69,683.4
id,5,911.7,185,2.57,808
id,6,406.3,92,2.44,767.2
id,7,645,92,3,962.5
id,8,1029.5,92,3.61,995.3
id,9,572.7,277,1.62,824.5
pmi,1,909.23,185,2.56,880.55
pmi,2,777.6,277,1.93,572.9
pmi,3,1011.3,92,3.58,1000.6
pmi,4,639.8,92,2.99,683.1
pmi,5,607.4,185,2.1,645.2
pmi,6,317.5,277,1.1,427.4
pmi,7,586.3,277,1.64,570.7
pmi,8,272.6,92,1.99,794.2
pmi,9,304.5,185,1.4,494.4
Anderdingus,1,641.82,92,3,771.73
Anderdingus,2,355.3,277,1.19,405.4
Anderdingus,3,328.4,185,1.47,399.5
Anderdingus,4,896.2,185,2.55,672.8
Anderdingus,5,276.8,92,2,509.9
Anderdingus,6,616.5,185,2.12,507.6
Anderdingus,7,579.2,277,1.63,449.5
Anderdingus,8,790,277,1.95,488.7
Anderdingus,9,1002.3,92,3.57,723.2
888,1,627.09,92,2.97,719.45
888,2,313.4,185,1.43,854.8
888,3,285.2,92,2.04,726.4
888,4,906.2,185,2.56,729.8
888,5,340.5,277,1.16,457.9
888,6,760.9,277,1.91,656.4
888,7,550,277,1.58,554.7
888,8,1017.9,92,3.59,853.1
888,9,618.4,185,2.12,629.7
r,1,996.64,92,3.56,844
r,2,645.5,92,3,930.8
r,3,325.1,185,1.46,572.9
r,4,268.7,92,1.97,719.8
r,5,600.2,185,2.09,810.8
r,6,787.9,277,1.94,572.6
r,7,385.7,277,1.26,607
r,8,571.2,277,1.61,745.7
r,9,890.4,185,2.54,801.8
MRH,1,746.95,277,1.89,658.73
MRH,2,1001.4,92,3.57,933.7
MRH,3,324.5,185,1.46,529.6
MRH,4,619.3,185,2.12,739.5
MRH,5,895.9,185,2.55,793
MRH,6,639.7,92,2.99,788.8
MRH,7,610.4,277,1.68,511.7
MRH,8,391.4,277,1.27,493.3
MRH,9,267.1,92,1.96,741.1
777,1,569.05,277,1.61,637.45
777,2,811.8,277,1.97,699.9
777,3,919.7,185,2.58,743.1
777,4,331.3,185,1.48,597.9
777,5,1017.5,92,3.59,917.9
777,6,623,185,2.13,674.7
777,7,357.1,277,1.19,571.5
777,8,640.3,92,2.99,754.8
777,9,269.5,92,1.97,664.7
is55,1,291.95,277,1.04,750.36
is55,2,261.9,92,1.94,1066.9
is55,3,512.4,277,1.51,996.5
is55,4,558,185,2.01,1055.3
is55,5,716.6,277,1.84,986.5
is55,6,995.8,92,3.56,1038.9
is55,7,272.4,185,1.31,771.2
is55,8,624.7,92,2.96,870.8
is55,9,863,185,2.5,967.9
1921,1,628.09,92,2.97,811.91
1921,2,603.1,185,2.09,608.4
1921,3,1018,92,3.59,794.3
1921,4,272.9,92,1.99,624.8
1921,5,342.9,277,1.16,520.8
1921,6,325.4,185,1.46,508
1921,7,619.1,277,1.69,575.7
1921,8,903.8,185,2.56,767.5
1921,9,818.1,277,1.98,578.6
M,1,565.5,277,1.6,1041.27
M,2,615.2,185,2.11,888.3
M,3,271.3,92,1.98,895.2
M,4,899.4,185,2.55,933.9
M,5,338.8,185,1.5,762.3
M,6,645.9,92,3,1048.5
M,7,419.9,277,1.33,774.7
M,8,763.9,277,1.91,785.6
M,9,1004.5,92,3.58,1012.5
mmm,1,553.95,277,1.58,531.64
mmm,2,645.3,92,3,749.9
mmm,3,797.2,277,1.96,574.7
mmm,4,924.3,185,2.58,587.7
mmm,5,1004.7,92,3.58,849.6
mmm,6,600.3,185,2.09,644.7
mmm,7,310.7,185,1.42,465
mmm,8,269.5,92,1.97,591.5
mmm,9,357.2,277,1.2,461.4
13,1,874.95,185,2.52,1035.64
13,2,342.4,277,1.16,782.6
13,3,277,92,2,940.1
13,4,564.9,277,1.6,891.7
13,5,1011.9,92,3.58,1200.7
13,6,329.3,185,1.48,810.8
13,7,755.2,277,1.9,857.4
13,8,618.4,185,2.12,884.8
13,9,649.3,92,3.01,951.1